{"cameraMode":{"drawMode":0,"name":"Shaded","section":"Shading Mode"},"sceneLighting":false,"audioPlay":false,"sceneViewState":{"showFog":true,"showMaterialUpdate":false,"showSkybox":false,"showFlares":true,"showImageEffects":true,"showParticleSystems":true},"in2DMode":false,"pivot":{"x":0.01077166199684143,"y":1.4901161193847657e-8,"z":-1.7170552015304566},"rotation":{"x":-0.14617988467216493,"y":0.08949555456638336,"z":-0.013258545659482479,"w":-0.9851366877555847},"size":3.026566743850708,"orthographic":false}