{"cameraMode":{"drawMode":0,"name":"Shaded","section":"Shading Mode"},"sceneLighting":false,"audioPlay":false,"sceneViewState":{"showFog":true,"showMaterialUpdate":false,"showSkybox":false,"showFlares":true,"showImageEffects":true,"showParticleSystems":true},"in2DMode":false,"pivot":{"x":0.23438166081905366,"y":-0.5379879474639893,"z":-0.4032793939113617},"rotation":{"x":0.08709851652383805,"y":0.19039063155651093,"z":-0.016810152679681779,"w":0.9778404831886292},"size":0.6740162968635559,"orthographic":false}